<?xml version="1.0" encoding="utf-8"?>
<extension version="2.5" type="plugin" group="system" method="upgrade" client="site">
    <name>System - Article Responsive Preview</name>
    <author>alikon</author>
    <creationDate>August 2013</creationDate>
    <authorEmail>info@alikonweb.it</authorEmail>
    <authorUrl>http://www.alikonweb.it</authorUrl>
    <copyright>Copyright (C) 2013 Alikonweb</copyright>
    <license>http://www.gnu.org/licenses/gpl-2.0.html GNU/GPL</license>
    <version>1.0.0</version>
 	<description><![CDATA[
		<style type="text/css">
			span.readonly { padding: 10px; font-family: Arial; font-size:13px !important; font-weight: normal !important; text-align: justify; color: #4d4d4d; line-height: 24px; }
			span.readonly h1 { clear:both; font-family: Georgia, sans-serif; font-size:38px; margin:30px 20px 23px; padding:0px 0px 24px 10px; color:#333; border-bottom: 1px solid #eee; font-weight: normal; }
			span.readonly p { margin: 0 26px 10px }
			span.readonly p a { color: #8e0b8c }
			span.readonly p.homepage { margin-top: 30px }
			span.readonly p.license { border-top: 1px solid #eee; font-size: 11px; margin: 30px 26px 0; padding: 6px 0; }
			span.readonly p.version {  font-size: 11px; margin: 1px 26px 0; padding: 6px 0; }
		</style>
		<span class='readonly'>
		<h1>Article Responsive Preview</h1>
		<p>Article Responsive Preview allows to help you developing your RWD site, add a toolbar button to preview your article across all screen sizes, mobile, tablet, desktop.</p>
		<p>If you like this tool, please feel free to buy me a <a href="http://www.alikonweb.it/blog/9-extensions-for-joomla/103-help-development" target="_blank">Beer</a> or submit a <a href="http://extensions.joomla.org/extensions/owner/alikon"> review </a> or <a href="http://extensions.joomla.org/extensions/owner/alikon">vote</a> to support us!	</p>
		<p class='homepage'><a href='http://www.alikonweb.it/blog/9-extensions-for-joomla/93-responsive-google-adsense-in-joomla' target='_blank'>Learn more at the Alikonweb website.</a></p>		
		<p class='license'>Article Responsive Preview is released under the <a target="_blank" href="http://www.gnu.org/licenses/gpl-2.0.html">GNU/GPL v2 license.</a></p>
		<p class='version'>version: 1.0.0 released: August 2013</p> 
		</span>
	]]>
    </description>


	<files>
		<filename plugin="article_responsive_preview">article_responsive_preview.php</filename>
		<folder>css</folder>
		<filename>index.html</filename>
	</files>
	<languages>
		<language tag="en-GB">language/en-GB/en-GB.plg_system_article_responsive_preview.ini</language>
		<language tag="en-GB">language/en-GB/en-GB.plg_system_article_responsive_preview.sys.ini</language>
	
	</languages>
	<config>
	<fields  name="params" >
		<fieldset name="basic">
		<field type="spacer" label="Set for wich devices show the article preview" />
		</fieldset>
		<fieldset name="iphone" label="iPhone">
		 
        <field
					name="iphone_portrait"
					type="radio"
					default="0"
					label="iphone portrait"
					description="iphone portrait">
					<option
						value="1">JSHOW</option>
					<option
						value="0">JHIDE</option>
				</field>
        <field
					name="iphone_landscape"
					type="radio"
					default="0"
					label="iphone landscape"
					description="iphone landscape">
					<option
						value="1">JSHOW</option>
					<option
						value="0">JHIDE</option>
				</field>
		</fieldset>
	 <fieldset name="iphone5" label="iPhone5" >
				<field
					name="iphone_5_portrait"
					type="radio"
					default="0"
					label="iphone 5 portrait"
					description="iphone 5 portrait">
					<option
						value="1">JSHOW</option>
					<option
						value="0">JHIDE</option>
				</field>
        <field
					name="iphone_5_landscape"
					type="radio"
					default="0"
					label="iphone 5 landscape"
					description="iphone 5 landscape">
					<option
						value="1">JSHOW</option>
					<option
						value="0">JHIDE</option>
				</field>	
						</fieldset>
	 <fieldset name="android" label="Android">
				<field
					name="android_240x320_portrait"
					type="radio"
					default="0"
					label="android 240x320 portrait"
					description="android 240x320 portrait">
					<option
						value="1">JSHOW</option>
					<option
						value="0">JHIDE</option>
				</field>
        <field
					name="android_240x320_landscape"
					type="radio"
					default="0"
					label="android 240x320 landscape"
					description="android 240x320 landscape">
					<option
						value="1">JSHOW</option>
					<option
						value="0">JHIDE</option>
				</field>	
				<field
					name="android_380x685_portrait"
					type="radio"
					default="0"
					label="android 380x685 portrait"
					description="android 380x685 portrait">
					<option
						value="1">JSHOW</option>
					<option
						value="0">JHIDE</option>
				</field>	
				<field
					name="android_685x380_landscape"
					type="radio"
					default="0"
					label="android 685x380 landscape"
					description="android 85x380 landscape">
					<option
						value="1">JSHOW</option>
					<option
						value="0">JHIDE</option>
				</field>	
						</fieldset>
	 <fieldset name="tablet" label="Tablet">
				<field
					name="ipad_portrait"
					type="radio"
					default="0"
					label="ipad portrait"
					description="ipad portrait">
					<option
						value="1">JSHOW</option>
					<option
						value="0">JHIDE</option>
				</field>	
				<field
					name="ipad_landscape"
					type="radio"
					default="0"
					label="ipad landscape"
					description="ipad landscape">
					<option
						value="1">JSHOW</option>
					<option
						value="0">JHIDE</option>
				</field>
				<field
					name="kindle_portrait"
					type="radio"
					default="0"
					label="kindle portrait"
					description="kindle portrait">
					<option
						value="1">JSHOW</option>
					<option
						value="0">JHIDE</option>
				</field>	
				<field
					name="kindle_landscape"
					type="radio"
					default="0"
					label="kindle landscape"
					description="kindle landscape">
					<option
						value="1">JSHOW</option>
					<option
						value="0">JHIDE</option>
				</field>
		</fieldset>
	</fields>
	    <updateservers>
        <server type="extension" priority="1" name="System - Article Responsive Preview">http://www.joomladdons.eu/update/plg_article_responsive_preview_update.xml</server>
    </updateservers>
	</config>
</extension>
