<?xml version="1.0" encoding="UTF-8" ?>
<extension type="package" version="1.6">
<name>Alikonweb Responsive 4 Joomla Package</name>
<packagename>Responsive</packagename>
<version>1.0.0</version>
<url>http://www.alikonweb.it</url>
<packager>Alikon</packager>
<packagerurl>http://www.alikonweb.it</packagerurl>
<description>Joomla! Installer Alikonweb Article Responsive Preview Package.</description>
<update>http://http://www.alikonweb.it/packages/zoombie</update>
<files folder="packages">
<file type="plugin" id="article_responsive_preview" group="system">plg_system_article_responsive_preview.zip</file>
<file type="file" id="contentmobile">mobile_layout.zip</file>
</files>
</extension>