<?xml version="1.0" encoding="UTF-8" ?>
<extension type="package" version="2.5" method="upgrade">
<name>Article Responsive Preview Package</name>
<packagename>article_responsive_preview_package</packagename>
<version>1.0.0</version>
<url>http://www.alikonweb.it</url>
    <creationDate>August 2013</creationDate>
    <copyright>(C) 2013 Alikonweb.it All rights reserved.</copyright>
    <license>GNU General Public License version 2 or later</license>
    <authorEmail>info@alikonweb.itt</authorEmail>
    <authorUrl>www.alikonweb.it</authorUrl>
    <author>alikon</author>
<packager>Alikon</packager>
<packagerurl>http://www.alikonweb.it</packagerurl>
<description><![CDATA[
		<style type="text/css">
			span.readonly { padding: 10px; font-family: Arial; font-size:13px !important; font-weight: normal !important; text-align: justify; color: #4d4d4d; line-height: 24px; }
			span.readonly h1 { clear:both; font-family: Georgia, sans-serif; font-size:25px; margin:30px 20px 23px; padding:0px 0px 24px 10px; color:#333; border-bottom: 1px solid #eee; font-weight: normal; }
			span.readonly p { margin: 0 26px 10px }
			span.readonly p a { color: #8e0b8c }
			span.readonly p.homepage { margin-top: 30px }
			span.readonly p.license { border-top: 1px solid #eee; font-size: 11px; margin: 30px 26px 0; padding: 6px 0; }
			span.readonly p.version {  font-size: 11px; margin: 1px 26px 0; padding: 6px 0; }
		</style>
		<span class='readonly'>
		<h1>Article Responsive Preview Package</h1>
		<p> Article Responsive Preview Package is composed by a system plugin and by a view for the component content you can preview your artiicle across all screen sizes, mobile, tablet, desktop.</p>
		<p>If you like this tool, please feel free to buy me a <a href="http://www.alikonweb.it/blog/9-extensions-for-joomla/103-help-development" target="_blank">Beer</a> or submit a <a href="http://extensions.joomla.org/extensions/owner/alikon"> review </a> or <a href="http://extensions.joomla.org/extensions/owner/alikon">vote</a> to support us!	</p>
		<p class='homepage'><a href='http://www.alikonweb.it' target='_blank'>Learn more at the Alikonweb website.</a></p>		
		<p class='license'>Article Responsive Preview is released under the <a target="_blank" href="http://www.gnu.org/licenses/gpl-2.0.html">GNU/GPL v2 license.</a></p>
		<p class='version'>version: 1.0.0 released: August 2013</p> 
		</span>
	]]>
    </description>
<update>http://http://www.alikonweb.it/packages/zoombie</update>
<files folder="packages">
<file type="plugin" id="article_responsive_preview" group="system">plg_system_article_responsive_preview.zip</file>
<file type="file" id="files_di_responsive">mobile_layout.zip</file>
</files>
</extension>